--
-- PostgreSQL database dump
--

-- Dumped from database version 13.10 (Debian 13.10-1.pgdg110+1)
-- Dumped by pg_dump version 13.10 (Debian 13.10-1.pgdg110+1)

SET statement_timeout = 0;
SET lock_timeout = 0;
SET idle_in_transaction_session_timeout = 0;
SET client_encoding = 'UTF8';
SET standard_conforming_strings = on;
SELECT pg_catalog.set_config('search_path', '', false);
SET check_function_bodies = false;
SET xmloption = content;
SET client_min_messages = warning;
SET row_security = off;

SET default_tablespace = '';

SET default_table_access_method = heap;

--
-- Name: auth_group; Type: TABLE; Schema: public; Owner: postgres
--

CREATE TABLE public.auth_group (
    id integer NOT NULL,
    name character varying(150) NOT NULL
);


ALTER TABLE public.auth_group OWNER TO postgres;

--
-- Name: auth_group_id_seq; Type: SEQUENCE; Schema: public; Owner: postgres
--

ALTER TABLE public.auth_group ALTER COLUMN id ADD GENERATED BY DEFAULT AS IDENTITY (
    SEQUENCE NAME public.auth_group_id_seq
    START WITH 1
    INCREMENT BY 1
    NO MINVALUE
    NO MAXVALUE
    CACHE 1
);


--
-- Name: auth_group_permissions; Type: TABLE; Schema: public; Owner: postgres
--

CREATE TABLE public.auth_group_permissions (
    id bigint NOT NULL,
    group_id integer NOT NULL,
    permission_id integer NOT NULL
);


ALTER TABLE public.auth_group_permissions OWNER TO postgres;

--
-- Name: auth_group_permissions_id_seq; Type: SEQUENCE; Schema: public; Owner: postgres
--

ALTER TABLE public.auth_group_permissions ALTER COLUMN id ADD GENERATED BY DEFAULT AS IDENTITY (
    SEQUENCE NAME public.auth_group_permissions_id_seq
    START WITH 1
    INCREMENT BY 1
    NO MINVALUE
    NO MAXVALUE
    CACHE 1
);


--
-- Name: auth_permission; Type: TABLE; Schema: public; Owner: postgres
--

CREATE TABLE public.auth_permission (
    id integer NOT NULL,
    name character varying(255) NOT NULL,
    content_type_id integer NOT NULL,
    codename character varying(100) NOT NULL
);


ALTER TABLE public.auth_permission OWNER TO postgres;

--
-- Name: auth_permission_id_seq; Type: SEQUENCE; Schema: public; Owner: postgres
--

ALTER TABLE public.auth_permission ALTER COLUMN id ADD GENERATED BY DEFAULT AS IDENTITY (
    SEQUENCE NAME public.auth_permission_id_seq
    START WITH 1
    INCREMENT BY 1
    NO MINVALUE
    NO MAXVALUE
    CACHE 1
);


--
-- Name: auth_user; Type: TABLE; Schema: public; Owner: postgres
--

CREATE TABLE public.auth_user (
    id integer NOT NULL,
    password character varying(128) NOT NULL,
    last_login timestamp with time zone,
    is_superuser boolean NOT NULL,
    username character varying(150) NOT NULL,
    first_name character varying(150) NOT NULL,
    last_name character varying(150) NOT NULL,
    email character varying(254) NOT NULL,
    is_staff boolean NOT NULL,
    is_active boolean NOT NULL,
    date_joined timestamp with time zone NOT NULL
);


ALTER TABLE public.auth_user OWNER TO postgres;

--
-- Name: auth_user_groups; Type: TABLE; Schema: public; Owner: postgres
--

CREATE TABLE public.auth_user_groups (
    id bigint NOT NULL,
    user_id integer NOT NULL,
    group_id integer NOT NULL
);


ALTER TABLE public.auth_user_groups OWNER TO postgres;

--
-- Name: auth_user_groups_id_seq; Type: SEQUENCE; Schema: public; Owner: postgres
--

ALTER TABLE public.auth_user_groups ALTER COLUMN id ADD GENERATED BY DEFAULT AS IDENTITY (
    SEQUENCE NAME public.auth_user_groups_id_seq
    START WITH 1
    INCREMENT BY 1
    NO MINVALUE
    NO MAXVALUE
    CACHE 1
);


--
-- Name: auth_user_id_seq; Type: SEQUENCE; Schema: public; Owner: postgres
--

ALTER TABLE public.auth_user ALTER COLUMN id ADD GENERATED BY DEFAULT AS IDENTITY (
    SEQUENCE NAME public.auth_user_id_seq
    START WITH 1
    INCREMENT BY 1
    NO MINVALUE
    NO MAXVALUE
    CACHE 1
);


--
-- Name: auth_user_user_permissions; Type: TABLE; Schema: public; Owner: postgres
--

CREATE TABLE public.auth_user_user_permissions (
    id bigint NOT NULL,
    user_id integer NOT NULL,
    permission_id integer NOT NULL
);


ALTER TABLE public.auth_user_user_permissions OWNER TO postgres;

--
-- Name: auth_user_user_permissions_id_seq; Type: SEQUENCE; Schema: public; Owner: postgres
--

ALTER TABLE public.auth_user_user_permissions ALTER COLUMN id ADD GENERATED BY DEFAULT AS IDENTITY (
    SEQUENCE NAME public.auth_user_user_permissions_id_seq
    START WITH 1
    INCREMENT BY 1
    NO MINVALUE
    NO MAXVALUE
    CACHE 1
);


--
-- Name: base_character; Type: TABLE; Schema: public; Owner: postgres
--

CREATE TABLE public.base_character (
    id bigint NOT NULL,
    role character varying(200) NOT NULL,
    created_at timestamp with time zone NOT NULL,
    updated_at timestamp with time zone NOT NULL,
    movie_id bigint NOT NULL,
    person_id bigint NOT NULL
);


ALTER TABLE public.base_character OWNER TO postgres;

--
-- Name: base_character_id_seq; Type: SEQUENCE; Schema: public; Owner: postgres
--

ALTER TABLE public.base_character ALTER COLUMN id ADD GENERATED BY DEFAULT AS IDENTITY (
    SEQUENCE NAME public.base_character_id_seq
    START WITH 1
    INCREMENT BY 1
    NO MINVALUE
    NO MAXVALUE
    CACHE 1
);


--
-- Name: base_movie; Type: TABLE; Schema: public; Owner: postgres
--

CREATE TABLE public.base_movie (
    id bigint NOT NULL,
    title character varying(200) NOT NULL,
    description character varying(200) NOT NULL,
    created_at timestamp with time zone NOT NULL,
    updated_at timestamp with time zone NOT NULL
);


ALTER TABLE public.base_movie OWNER TO postgres;

--
-- Name: base_movie_id_seq; Type: SEQUENCE; Schema: public; Owner: postgres
--

ALTER TABLE public.base_movie ALTER COLUMN id ADD GENERATED BY DEFAULT AS IDENTITY (
    SEQUENCE NAME public.base_movie_id_seq
    START WITH 1
    INCREMENT BY 1
    NO MINVALUE
    NO MAXVALUE
    CACHE 1
);


--
-- Name: base_person; Type: TABLE; Schema: public; Owner: postgres
--

CREATE TABLE public.base_person (
    id bigint NOT NULL,
    name character varying(200) NOT NULL,
    surname character varying(200) NOT NULL,
    created_at timestamp with time zone NOT NULL,
    updated_at timestamp with time zone NOT NULL
);


ALTER TABLE public.base_person OWNER TO postgres;

--
-- Name: base_person_id_seq; Type: SEQUENCE; Schema: public; Owner: postgres
--

ALTER TABLE public.base_person ALTER COLUMN id ADD GENERATED BY DEFAULT AS IDENTITY (
    SEQUENCE NAME public.base_person_id_seq
    START WITH 1
    INCREMENT BY 1
    NO MINVALUE
    NO MAXVALUE
    CACHE 1
);


--
-- Name: base_review; Type: TABLE; Schema: public; Owner: postgres
--

CREATE TABLE public.base_review (
    id bigint NOT NULL,
    object_id integer NOT NULL,
    content text NOT NULL,
    created_at timestamp with time zone,
    updated_at timestamp with time zone,
    content_type_id integer NOT NULL,
    CONSTRAINT base_review_object_id_check CHECK ((object_id >= 0))
);


ALTER TABLE public.base_review OWNER TO postgres;

--
-- Name: base_review_id_seq; Type: SEQUENCE; Schema: public; Owner: postgres
--

ALTER TABLE public.base_review ALTER COLUMN id ADD GENERATED BY DEFAULT AS IDENTITY (
    SEQUENCE NAME public.base_review_id_seq
    START WITH 1
    INCREMENT BY 1
    NO MINVALUE
    NO MAXVALUE
    CACHE 1
);


--
-- Name: cast_choice; Type: TABLE; Schema: public; Owner: postgres
--

CREATE TABLE public.cast_choice (
    id bigint NOT NULL,
    choice_text character varying(200) NOT NULL,
    votes integer NOT NULL,
    question_id bigint NOT NULL
);


ALTER TABLE public.cast_choice OWNER TO postgres;

--
-- Name: cast_choice_id_seq; Type: SEQUENCE; Schema: public; Owner: postgres
--

ALTER TABLE public.cast_choice ALTER COLUMN id ADD GENERATED BY DEFAULT AS IDENTITY (
    SEQUENCE NAME public.cast_choice_id_seq
    START WITH 1
    INCREMENT BY 1
    NO MINVALUE
    NO MAXVALUE
    CACHE 1
);


--
-- Name: cast_question; Type: TABLE; Schema: public; Owner: postgres
--

CREATE TABLE public.cast_question (
    id bigint NOT NULL,
    question_text character varying(200) NOT NULL,
    pub_date timestamp with time zone NOT NULL
);


ALTER TABLE public.cast_question OWNER TO postgres;

--
-- Name: cast_question_id_seq; Type: SEQUENCE; Schema: public; Owner: postgres
--

ALTER TABLE public.cast_question ALTER COLUMN id ADD GENERATED BY DEFAULT AS IDENTITY (
    SEQUENCE NAME public.cast_question_id_seq
    START WITH 1
    INCREMENT BY 1
    NO MINVALUE
    NO MAXVALUE
    CACHE 1
);


--
-- Name: django_admin_log; Type: TABLE; Schema: public; Owner: postgres
--

CREATE TABLE public.django_admin_log (
    id integer NOT NULL,
    action_time timestamp with time zone NOT NULL,
    object_id text,
    object_repr character varying(200) NOT NULL,
    action_flag smallint NOT NULL,
    change_message text NOT NULL,
    content_type_id integer,
    user_id integer NOT NULL,
    CONSTRAINT django_admin_log_action_flag_check CHECK ((action_flag >= 0))
);


ALTER TABLE public.django_admin_log OWNER TO postgres;

--
-- Name: django_admin_log_id_seq; Type: SEQUENCE; Schema: public; Owner: postgres
--

ALTER TABLE public.django_admin_log ALTER COLUMN id ADD GENERATED BY DEFAULT AS IDENTITY (
    SEQUENCE NAME public.django_admin_log_id_seq
    START WITH 1
    INCREMENT BY 1
    NO MINVALUE
    NO MAXVALUE
    CACHE 1
);


--
-- Name: django_content_type; Type: TABLE; Schema: public; Owner: postgres
--

CREATE TABLE public.django_content_type (
    id integer NOT NULL,
    app_label character varying(100) NOT NULL,
    model character varying(100) NOT NULL
);


ALTER TABLE public.django_content_type OWNER TO postgres;

--
-- Name: django_content_type_id_seq; Type: SEQUENCE; Schema: public; Owner: postgres
--

ALTER TABLE public.django_content_type ALTER COLUMN id ADD GENERATED BY DEFAULT AS IDENTITY (
    SEQUENCE NAME public.django_content_type_id_seq
    START WITH 1
    INCREMENT BY 1
    NO MINVALUE
    NO MAXVALUE
    CACHE 1
);


--
-- Name: django_migrations; Type: TABLE; Schema: public; Owner: postgres
--

CREATE TABLE public.django_migrations (
    id bigint NOT NULL,
    app character varying(255) NOT NULL,
    name character varying(255) NOT NULL,
    applied timestamp with time zone NOT NULL
);


ALTER TABLE public.django_migrations OWNER TO postgres;

--
-- Name: django_migrations_id_seq; Type: SEQUENCE; Schema: public; Owner: postgres
--

ALTER TABLE public.django_migrations ALTER COLUMN id ADD GENERATED BY DEFAULT AS IDENTITY (
    SEQUENCE NAME public.django_migrations_id_seq
    START WITH 1
    INCREMENT BY 1
    NO MINVALUE
    NO MAXVALUE
    CACHE 1
);


--
-- Name: django_session; Type: TABLE; Schema: public; Owner: postgres
--

CREATE TABLE public.django_session (
    session_key character varying(40) NOT NULL,
    session_data text NOT NULL,
    expire_date timestamp with time zone NOT NULL
);


ALTER TABLE public.django_session OWNER TO postgres;

--
-- Data for Name: auth_group; Type: TABLE DATA; Schema: public; Owner: postgres
--

COPY public.auth_group (id, name) FROM stdin;
\.


--
-- Data for Name: auth_group_permissions; Type: TABLE DATA; Schema: public; Owner: postgres
--

COPY public.auth_group_permissions (id, group_id, permission_id) FROM stdin;
\.


--
-- Data for Name: auth_permission; Type: TABLE DATA; Schema: public; Owner: postgres
--

COPY public.auth_permission (id, name, content_type_id, codename) FROM stdin;
1	Can add log entry	1	add_logentry
2	Can change log entry	1	change_logentry
3	Can delete log entry	1	delete_logentry
4	Can view log entry	1	view_logentry
5	Can add permission	2	add_permission
6	Can change permission	2	change_permission
7	Can delete permission	2	delete_permission
8	Can view permission	2	view_permission
9	Can add group	3	add_group
10	Can change group	3	change_group
11	Can delete group	3	delete_group
12	Can view group	3	view_group
13	Can add user	4	add_user
14	Can change user	4	change_user
15	Can delete user	4	delete_user
16	Can view user	4	view_user
17	Can add content type	5	add_contenttype
18	Can change content type	5	change_contenttype
19	Can delete content type	5	delete_contenttype
20	Can view content type	5	view_contenttype
21	Can add session	6	add_session
22	Can change session	6	change_session
23	Can delete session	6	delete_session
24	Can view session	6	view_session
25	Can add question	7	add_question
26	Can change question	7	change_question
27	Can delete question	7	delete_question
28	Can view question	7	view_question
29	Can add choice	8	add_choice
30	Can change choice	8	change_choice
31	Can delete choice	8	delete_choice
32	Can view choice	8	view_choice
33	Can add movie	9	add_movie
34	Can change movie	9	change_movie
35	Can delete movie	9	delete_movie
36	Can view movie	9	view_movie
37	Can add person	10	add_person
38	Can change person	10	change_person
39	Can delete person	10	delete_person
40	Can view person	10	view_person
41	Can add character	11	add_character
42	Can change character	11	change_character
43	Can delete character	11	delete_character
44	Can view character	11	view_character
45	Can add movie	12	add_movie
46	Can change movie	12	change_movie
47	Can delete movie	12	delete_movie
48	Can view movie	12	view_movie
49	Can add movie	13	add_movie
50	Can change movie	13	change_movie
51	Can delete movie	13	delete_movie
52	Can view movie	13	view_movie
53	Can add character	14	add_character
54	Can change character	14	change_character
55	Can delete character	14	delete_character
56	Can view character	14	view_character
57	Can add person	15	add_person
58	Can change person	15	change_person
59	Can delete person	15	delete_person
60	Can view person	15	view_person
61	Can add review	16	add_review
62	Can change review	16	change_review
63	Can delete review	16	delete_review
64	Can view review	16	view_review
\.


--
-- Data for Name: auth_user; Type: TABLE DATA; Schema: public; Owner: postgres
--

COPY public.auth_user (id, password, last_login, is_superuser, username, first_name, last_name, email, is_staff, is_active, date_joined) FROM stdin;
1	pbkdf2_sha256$390000$30vzqb3JAPZcSKBvfBX7EL$hhYaT14HoCRSX3WNHIj+Re1ljfN3x7jEvplsVWjRYPU=	2023-02-20 19:34:05.085714+00	t	admin			admin@example.com	t	t	2023-02-18 16:34:06.80148+00
\.


--
-- Data for Name: auth_user_groups; Type: TABLE DATA; Schema: public; Owner: postgres
--

COPY public.auth_user_groups (id, user_id, group_id) FROM stdin;
\.


--
-- Data for Name: auth_user_user_permissions; Type: TABLE DATA; Schema: public; Owner: postgres
--

COPY public.auth_user_user_permissions (id, user_id, permission_id) FROM stdin;
\.


--
-- Data for Name: base_character; Type: TABLE DATA; Schema: public; Owner: postgres
--

COPY public.base_character (id, role, created_at, updated_at, movie_id, person_id) FROM stdin;
1	director	2023-02-19 17:20:16+00	2023-02-19 17:20:17+00	2	1
2	director	2023-02-19 17:20:24+00	2023-02-19 17:20:25+00	4	1
3	writer	2023-02-19 17:20:33+00	2023-02-19 17:20:35+00	2	1
4	writer	2023-02-19 17:20:45+00	2023-02-19 17:20:46+00	2	2
5	writer	2023-02-19 17:20:59+00	2023-02-19 17:21:00+00	4	2
6	star	2023-02-19 17:21:14+00	2023-02-19 17:21:16+00	4	4
7	star	2023-02-19 17:21:24+00	2023-02-19 17:21:25+00	2	4
8	star	2023-02-19 17:21:41+00	2023-02-19 17:21:42+00	2	3
\.


--
-- Data for Name: base_movie; Type: TABLE DATA; Schema: public; Owner: postgres
--

COPY public.base_movie (id, title, description, created_at, updated_at) FROM stdin;
1	The Shawshank Redemption	Over the course of several years, two convicts form a friendship, seeking consolation and, eventually, redemption through basic compassion.	2023-02-19 16:10:38+00	2023-02-19 16:10:39+00
2	The Godfather	The aging patriarch of an organized crime dynasty in postwar New York City transfers control of his clandestine empire to his reluctant youngest son.	2023-02-19 16:11:04+00	2023-02-19 16:11:05+00
3	The Dark Knight	When the menace known as the Joker wreaks havoc and chaos on the people of Gotham, Batman must accept one of the greatest psychological and physical tests of his ability to fight injustice.	2023-02-19 16:11:16+00	2023-02-19 16:11:17+00
4	The Godfather Part II	The early life and career of Vito Corleone in 1920s New York City is portrayed, while his son, Michael, expands and tightens his grip on the family crime syndicate.	2023-02-19 16:11:27+00	2023-02-19 16:11:29+00
5	12 Angry Men	The jury in a New York City murder trial is frustrated by a single member whose skeptical caution forces them to more carefully consider the evidence before jumping to a hasty verdict.	2023-02-19 16:11:40+00	2023-02-19 16:11:41+00
\.


--
-- Data for Name: base_person; Type: TABLE DATA; Schema: public; Owner: postgres
--

COPY public.base_person (id, name, surname, created_at, updated_at) FROM stdin;
2	Mario	Puzo	2023-02-19 17:19:17+00	2023-02-19 17:19:18+00
3	Marlon	Brando	2023-02-19 17:19:29+00	2023-02-19 17:19:30+00
4	Al	Pacino	2023-02-19 17:19:59+00	2023-02-19 17:20:00+00
1	Francis	Ford Coppola	2023-02-19 17:19:01+00	2023-02-19 17:19:02+00
9	Bella	Ramsey	2023-02-20 19:37:09.196519+00	2023-02-20 19:37:09.19654+00
\.


--
-- Data for Name: base_review; Type: TABLE DATA; Schema: public; Owner: postgres
--

COPY public.base_review (id, object_id, content, created_at, updated_at, content_type_id) FROM stdin;
2	5	The American justice system is a Jury system based on the premise that all accused people shall be judged by their peers.   In addition the system requires that all 12 members of a Jury are in agreement and that their decision is unanimous.   The final important element of the system is that in order to declare a verdict of guilty, there must be an emphatic claim that there is no reasonable doubt.    Poor defendants who canΓÇÖt afford legal counsel are appointed a lawyer from the court.   In many cases the court appointed lawyer is either inexperienced or incompetent.	2023-02-19 17:14:49+00	2023-02-19 17:14:50+00	9
3	2	Molto italiano	2023-02-19 17:22:36+00	2023-02-19 17:22:37+00	10
4	6	Bravo in questo sequel il signor Al	2023-02-19 17:23:17+00	2023-02-19 17:23:18+00	11
\.


--
-- Data for Name: cast_choice; Type: TABLE DATA; Schema: public; Owner: postgres
--

COPY public.cast_choice (id, choice_text, votes, question_id) FROM stdin;
1	Not much	0	1
2	The sky	0	1
\.


--
-- Data for Name: cast_question; Type: TABLE DATA; Schema: public; Owner: postgres
--

COPY public.cast_question (id, question_text, pub_date) FROM stdin;
1	What's new?	2023-02-18 16:23:48.764365+00
2	How are you?	2023-02-18 16:35:54+00
\.


--
-- Data for Name: django_admin_log; Type: TABLE DATA; Schema: public; Owner: postgres
--

COPY public.django_admin_log (id, action_time, object_id, object_repr, action_flag, change_message, content_type_id, user_id) FROM stdin;
1	2023-02-18 16:35:58.17624+00	2	How are you?	1	[{"added": {}}]	7	1
2	2023-02-18 17:16:08.19701+00	1	The Godfather	1	[{"added": {}}]	9	1
3	2023-02-18 17:16:40.976701+00	2	The Shawshank Redemption	1	[{"added": {}}]	9	1
4	2023-02-18 17:16:55.987331+00	3	The Dark Knight	1	[{"added": {}}]	9	1
5	2023-02-18 17:17:12.382378+00	1	Darabont Frank	1	[{"added": {}}]	10	1
6	2023-02-18 17:17:27.455166+00	2	Ford Coppola Francis	1	[{"added": {}}]	10	1
7	2023-02-18 17:17:38.6216+00	3	Nolan Christopher	1	[{"added": {}}]	10	1
8	2023-02-18 17:17:56.783401+00	4	Bale Christian	1	[{"added": {}}]	10	1
9	2023-02-18 17:18:07.226348+00	5	Ledger Heath	1	[{"added": {}}]	10	1
10	2023-02-18 17:18:26.285985+00	6	Eckhart Aaron	1	[{"added": {}}]	10	1
11	2023-02-18 17:18:53.755249+00	7	Brando Marlon	1	[{"added": {}}]	10	1
12	2023-02-18 17:19:04.719616+00	8	Pacino Al	1	[{"added": {}}]	10	1
13	2023-02-18 17:19:51.911592+00	9	Freeman Morgan	1	[{"added": {}}]	10	1
14	2023-02-18 17:21:00.515631+00	4	Apocalypse Now	1	[{"added": {}}]	9	1
15	2023-02-18 17:23:57.88384+00	3	Character object (3)	1	[{"added": {}}]	11	1
16	2023-02-18 17:24:13.287191+00	4	Character object (4)	1	[{"added": {}}]	11	1
17	2023-02-18 17:24:25.807293+00	5	Character object (5)	1	[{"added": {}}]	11	1
18	2023-02-18 17:24:44.075538+00	6	Character object (6)	1	[{"added": {}}]	11	1
19	2023-02-18 17:25:06.332479+00	7	Character object (7)	1	[{"added": {}}]	11	1
20	2023-02-18 17:25:25.463832+00	8	Character object (8)	1	[{"added": {}}]	11	1
21	2023-02-18 17:25:44.688997+00	9	Character object (9)	1	[{"added": {}}]	11	1
22	2023-02-19 16:10:40.356563+00	1	The Shawshank Redemption	1	[{"added": {}}]	13	1
23	2023-02-19 16:11:06.386736+00	2	The Godfather	1	[{"added": {}}]	13	1
24	2023-02-19 16:11:17.627794+00	3	The Dark Knight	1	[{"added": {}}]	13	1
25	2023-02-19 16:11:30.393552+00	4	The Godfather Part II	1	[{"added": {}}]	13	1
26	2023-02-19 16:11:41.989359+00	5	12 Angry Men	1	[{"added": {}}]	13	1
27	2023-02-19 17:14:53.687122+00	2	Review object (2)	1	[{"added": {}}]	16	1
28	2023-02-19 17:15:06.541256+00	2	Review object (2)	2	[{"changed": {"fields": ["Object id"]}}]	16	1
29	2023-02-19 17:19:03.526573+00	1	Francis Ford Coppola Francis	1	[{"added": {}}]	15	1
30	2023-02-19 17:19:18.965273+00	2	Puzo Mario	1	[{"added": {}}]	15	1
31	2023-02-19 17:19:35.431827+00	3	Brando Marlon	1	[{"added": {}}]	15	1
32	2023-02-19 17:20:01.136544+00	4	Pacino Al	1	[{"added": {}}]	15	1
33	2023-02-19 17:20:18.167687+00	1	director : Francis Ford Coppola	1	[{"added": {}}]	14	1
34	2023-02-19 17:20:25.871907+00	2	director : Francis Ford Coppola	1	[{"added": {}}]	14	1
35	2023-02-19 17:20:36.157245+00	3	writer : Francis Ford Coppola	1	[{"added": {}}]	14	1
36	2023-02-19 17:20:46.83318+00	4	writer : Puzo	1	[{"added": {}}]	14	1
37	2023-02-19 17:21:01.318191+00	5	writer : Puzo	1	[{"added": {}}]	14	1
38	2023-02-19 17:21:17.158886+00	6	star : Pacino	1	[{"added": {}}]	14	1
39	2023-02-19 17:21:26.177013+00	7	star : Pacino	1	[{"added": {}}]	14	1
40	2023-02-19 17:21:45.244249+00	8	star : Brando	1	[{"added": {}}]	14	1
41	2023-02-19 17:22:43.027456+00	3	person	1	[{"added": {}}]	16	1
42	2023-02-19 17:23:19.452866+00	4	character	1	[{"added": {}}]	16	1
43	2023-02-19 18:07:29.897101+00	1	Ford Coppola Francis	2	[{"changed": {"fields": ["Surname"]}}]	15	1
44	2023-02-20 19:34:20.879258+00	5	Pascal Pedro	3		15	1
\.


--
-- Data for Name: django_content_type; Type: TABLE DATA; Schema: public; Owner: postgres
--

COPY public.django_content_type (id, app_label, model) FROM stdin;
1	admin	logentry
2	auth	permission
3	auth	group
4	auth	user
5	contenttypes	contenttype
6	sessions	session
7	cast	question
8	cast	choice
9	cast	movie
10	cast	person
11	cast	character
12	movies	movie
13	base	movie
14	base	character
15	base	person
16	base	review
\.


--
-- Data for Name: django_migrations; Type: TABLE DATA; Schema: public; Owner: postgres
--

COPY public.django_migrations (id, app, name, applied) FROM stdin;
1	contenttypes	0001_initial	2023-02-18 16:05:09.815106+00
2	auth	0001_initial	2023-02-18 16:05:10.088994+00
3	admin	0001_initial	2023-02-18 16:05:10.154549+00
4	admin	0002_logentry_remove_auto_add	2023-02-18 16:05:10.170072+00
5	admin	0003_logentry_add_action_flag_choices	2023-02-18 16:05:10.186475+00
6	contenttypes	0002_remove_content_type_name	2023-02-18 16:05:10.213685+00
7	auth	0002_alter_permission_name_max_length	2023-02-18 16:05:10.232283+00
8	auth	0003_alter_user_email_max_length	2023-02-18 16:05:10.248594+00
9	auth	0004_alter_user_username_opts	2023-02-18 16:05:10.263424+00
10	auth	0005_alter_user_last_login_null	2023-02-18 16:05:10.280612+00
11	auth	0006_require_contenttypes_0002	2023-02-18 16:05:10.289312+00
12	auth	0007_alter_validators_add_error_messages	2023-02-18 16:05:10.305308+00
13	auth	0008_alter_user_username_max_length	2023-02-18 16:05:10.334537+00
14	auth	0009_alter_user_last_name_max_length	2023-02-18 16:05:10.349484+00
15	auth	0010_alter_group_name_max_length	2023-02-18 16:05:10.366601+00
16	auth	0011_update_proxy_permissions	2023-02-18 16:05:10.379712+00
17	auth	0012_alter_user_first_name_max_length	2023-02-18 16:05:10.395555+00
18	sessions	0001_initial	2023-02-18 16:05:10.457635+00
20	cast	0002_question_choice	2023-02-18 17:09:08.304788+00
22	cast	0001_initial	2023-02-18 17:15:27.929112+00
23	movies	0001_initial	2023-02-19 15:47:39.938005+00
24	base	0001_initial	2023-02-19 16:05:04.58666+00
25	cast	0002_delete_character_delete_movie_delete_person	2023-02-19 16:05:04.609682+00
26	movies	0002_delete_movie	2023-02-19 16:05:04.620459+00
27	base	0002_review	2023-02-19 16:34:20.674532+00
28	base	0003_alter_review_created_at_alter_review_updated_at	2023-02-20 19:26:46.655392+00
29	base	0004_alter_review_created_at_alter_review_updated_at	2023-02-20 19:30:02.159287+00
\.


--
-- Data for Name: django_session; Type: TABLE DATA; Schema: public; Owner: postgres
--

COPY public.django_session (session_key, session_data, expire_date) FROM stdin;
gf74ix3n3auufs5qvf5ldb84vq919bo6	.eJxVjEEOwiAQRe_C2hCYlCm4dO8ZyACDVA0kpV013t026UK3_733N-FpXYpfO89-SuIqtLj8boHii-sB0pPqo8nY6jJPQR6KPGmX95b4fTvdv4NCvey14SE7Am2zJVQWIQ6Y0AFl5ciydiNS0MFlYAXEETXAaDLvNhoCJT5f3Lg3qA:1pTQAF:0Eq0E2-SpNagLa-fH9374e8afP1_OFUI8TD0cTDsApE	2023-03-04 16:34:19.404342+00
qjw4qf5q9baprh5zqtbaig1hx27xxoe4	.eJxVjEEOwiAQRe_C2hCYlCm4dO8ZyACDVA0kpV013t026UK3_733N-FpXYpfO89-SuIqtLj8boHii-sB0pPqo8nY6jJPQR6KPGmX95b4fTvdv4NCvey14SE7Am2zJVQWIQ6Y0AFl5ciydiNS0MFlYAXEETXAaDLvNhoCJT5f3Lg3qA:1pTmBs:SvPpM4uicT5-RVOQoCkUErBJ5EVr97RkpTeZdXlhRsU	2023-03-05 16:05:28.36198+00
5lfxt6dp2uztz2fgtmcqlhlgqn2uqb3t	.eJxVjEEOwiAQRe_C2hCYlCm4dO8ZyACDVA0kpV013t026UK3_733N-FpXYpfO89-SuIqtLj8boHii-sB0pPqo8nY6jJPQR6KPGmX95b4fTvdv4NCvey14SE7Am2zJVQWIQ6Y0AFl5ciydiNS0MFlYAXEETXAaDLvNhoCJT5f3Lg3qA:1pUBvJ:3dSdCeJer3VBJx9qL8ajsvATileZj8GUbnmw65-N3V8	2023-03-06 19:34:05.092459+00
\.


--
-- Name: auth_group_id_seq; Type: SEQUENCE SET; Schema: public; Owner: postgres
--

SELECT pg_catalog.setval('public.auth_group_id_seq', 1, false);


--
-- Name: auth_group_permissions_id_seq; Type: SEQUENCE SET; Schema: public; Owner: postgres
--

SELECT pg_catalog.setval('public.auth_group_permissions_id_seq', 1, false);


--
-- Name: auth_permission_id_seq; Type: SEQUENCE SET; Schema: public; Owner: postgres
--

SELECT pg_catalog.setval('public.auth_permission_id_seq', 64, true);


--
-- Name: auth_user_groups_id_seq; Type: SEQUENCE SET; Schema: public; Owner: postgres
--

SELECT pg_catalog.setval('public.auth_user_groups_id_seq', 1, false);


--
-- Name: auth_user_id_seq; Type: SEQUENCE SET; Schema: public; Owner: postgres
--

SELECT pg_catalog.setval('public.auth_user_id_seq', 1, true);


--
-- Name: auth_user_user_permissions_id_seq; Type: SEQUENCE SET; Schema: public; Owner: postgres
--

SELECT pg_catalog.setval('public.auth_user_user_permissions_id_seq', 1, false);


--
-- Name: base_character_id_seq; Type: SEQUENCE SET; Schema: public; Owner: postgres
--

SELECT pg_catalog.setval('public.base_character_id_seq', 8, true);


--
-- Name: base_movie_id_seq; Type: SEQUENCE SET; Schema: public; Owner: postgres
--

SELECT pg_catalog.setval('public.base_movie_id_seq', 5, true);


--
-- Name: base_person_id_seq; Type: SEQUENCE SET; Schema: public; Owner: postgres
--

SELECT pg_catalog.setval('public.base_person_id_seq', 40, true);


--
-- Name: base_review_id_seq; Type: SEQUENCE SET; Schema: public; Owner: postgres
--

SELECT pg_catalog.setval('public.base_review_id_seq', 4, true);


--
-- Name: cast_choice_id_seq; Type: SEQUENCE SET; Schema: public; Owner: postgres
--

SELECT pg_catalog.setval('public.cast_choice_id_seq', 3, true);


--
-- Name: cast_question_id_seq; Type: SEQUENCE SET; Schema: public; Owner: postgres
--

SELECT pg_catalog.setval('public.cast_question_id_seq', 2, true);


--
-- Name: django_admin_log_id_seq; Type: SEQUENCE SET; Schema: public; Owner: postgres
--

SELECT pg_catalog.setval('public.django_admin_log_id_seq', 76, true);


--
-- Name: django_content_type_id_seq; Type: SEQUENCE SET; Schema: public; Owner: postgres
--

SELECT pg_catalog.setval('public.django_content_type_id_seq', 16, true);


--
-- Name: django_migrations_id_seq; Type: SEQUENCE SET; Schema: public; Owner: postgres
--

SELECT pg_catalog.setval('public.django_migrations_id_seq', 29, true);


--
-- Name: auth_group auth_group_name_key; Type: CONSTRAINT; Schema: public; Owner: postgres
--

ALTER TABLE ONLY public.auth_group
    ADD CONSTRAINT auth_group_name_key UNIQUE (name);


--
-- Name: auth_group_permissions auth_group_permissions_group_id_permission_id_0cd325b0_uniq; Type: CONSTRAINT; Schema: public; Owner: postgres
--

ALTER TABLE ONLY public.auth_group_permissions
    ADD CONSTRAINT auth_group_permissions_group_id_permission_id_0cd325b0_uniq UNIQUE (group_id, permission_id);


--
-- Name: auth_group_permissions auth_group_permissions_pkey; Type: CONSTRAINT; Schema: public; Owner: postgres
--

ALTER TABLE ONLY public.auth_group_permissions
    ADD CONSTRAINT auth_group_permissions_pkey PRIMARY KEY (id);


--
-- Name: auth_group auth_group_pkey; Type: CONSTRAINT; Schema: public; Owner: postgres
--

ALTER TABLE ONLY public.auth_group
    ADD CONSTRAINT auth_group_pkey PRIMARY KEY (id);


--
-- Name: auth_permission auth_permission_content_type_id_codename_01ab375a_uniq; Type: CONSTRAINT; Schema: public; Owner: postgres
--

ALTER TABLE ONLY public.auth_permission
    ADD CONSTRAINT auth_permission_content_type_id_codename_01ab375a_uniq UNIQUE (content_type_id, codename);


--
-- Name: auth_permission auth_permission_pkey; Type: CONSTRAINT; Schema: public; Owner: postgres
--

ALTER TABLE ONLY public.auth_permission
    ADD CONSTRAINT auth_permission_pkey PRIMARY KEY (id);


--
-- Name: auth_user_groups auth_user_groups_pkey; Type: CONSTRAINT; Schema: public; Owner: postgres
--

ALTER TABLE ONLY public.auth_user_groups
    ADD CONSTRAINT auth_user_groups_pkey PRIMARY KEY (id);


--
-- Name: auth_user_groups auth_user_groups_user_id_group_id_94350c0c_uniq; Type: CONSTRAINT; Schema: public; Owner: postgres
--

ALTER TABLE ONLY public.auth_user_groups
    ADD CONSTRAINT auth_user_groups_user_id_group_id_94350c0c_uniq UNIQUE (user_id, group_id);


--
-- Name: auth_user auth_user_pkey; Type: CONSTRAINT; Schema: public; Owner: postgres
--

ALTER TABLE ONLY public.auth_user
    ADD CONSTRAINT auth_user_pkey PRIMARY KEY (id);


--
-- Name: auth_user_user_permissions auth_user_user_permissions_pkey; Type: CONSTRAINT; Schema: public; Owner: postgres
--

ALTER TABLE ONLY public.auth_user_user_permissions
    ADD CONSTRAINT auth_user_user_permissions_pkey PRIMARY KEY (id);


--
-- Name: auth_user_user_permissions auth_user_user_permissions_user_id_permission_id_14a6b632_uniq; Type: CONSTRAINT; Schema: public; Owner: postgres
--

ALTER TABLE ONLY public.auth_user_user_permissions
    ADD CONSTRAINT auth_user_user_permissions_user_id_permission_id_14a6b632_uniq UNIQUE (user_id, permission_id);


--
-- Name: auth_user auth_user_username_key; Type: CONSTRAINT; Schema: public; Owner: postgres
--

ALTER TABLE ONLY public.auth_user
    ADD CONSTRAINT auth_user_username_key UNIQUE (username);


--
-- Name: base_character base_character_pkey; Type: CONSTRAINT; Schema: public; Owner: postgres
--

ALTER TABLE ONLY public.base_character
    ADD CONSTRAINT base_character_pkey PRIMARY KEY (id);


--
-- Name: base_movie base_movie_pkey; Type: CONSTRAINT; Schema: public; Owner: postgres
--

ALTER TABLE ONLY public.base_movie
    ADD CONSTRAINT base_movie_pkey PRIMARY KEY (id);


--
-- Name: base_person base_person_pkey; Type: CONSTRAINT; Schema: public; Owner: postgres
--

ALTER TABLE ONLY public.base_person
    ADD CONSTRAINT base_person_pkey PRIMARY KEY (id);


--
-- Name: base_review base_review_pkey; Type: CONSTRAINT; Schema: public; Owner: postgres
--

ALTER TABLE ONLY public.base_review
    ADD CONSTRAINT base_review_pkey PRIMARY KEY (id);


--
-- Name: cast_choice cast_choice_pkey; Type: CONSTRAINT; Schema: public; Owner: postgres
--

ALTER TABLE ONLY public.cast_choice
    ADD CONSTRAINT cast_choice_pkey PRIMARY KEY (id);


--
-- Name: cast_question cast_question_pkey; Type: CONSTRAINT; Schema: public; Owner: postgres
--

ALTER TABLE ONLY public.cast_question
    ADD CONSTRAINT cast_question_pkey PRIMARY KEY (id);


--
-- Name: django_admin_log django_admin_log_pkey; Type: CONSTRAINT; Schema: public; Owner: postgres
--

ALTER TABLE ONLY public.django_admin_log
    ADD CONSTRAINT django_admin_log_pkey PRIMARY KEY (id);


--
-- Name: django_content_type django_content_type_app_label_model_76bd3d3b_uniq; Type: CONSTRAINT; Schema: public; Owner: postgres
--

ALTER TABLE ONLY public.django_content_type
    ADD CONSTRAINT django_content_type_app_label_model_76bd3d3b_uniq UNIQUE (app_label, model);


--
-- Name: django_content_type django_content_type_pkey; Type: CONSTRAINT; Schema: public; Owner: postgres
--

ALTER TABLE ONLY public.django_content_type
    ADD CONSTRAINT django_content_type_pkey PRIMARY KEY (id);


--
-- Name: django_migrations django_migrations_pkey; Type: CONSTRAINT; Schema: public; Owner: postgres
--

ALTER TABLE ONLY public.django_migrations
    ADD CONSTRAINT django_migrations_pkey PRIMARY KEY (id);


--
-- Name: django_session django_session_pkey; Type: CONSTRAINT; Schema: public; Owner: postgres
--

ALTER TABLE ONLY public.django_session
    ADD CONSTRAINT django_session_pkey PRIMARY KEY (session_key);


--
-- Name: auth_group_name_a6ea08ec_like; Type: INDEX; Schema: public; Owner: postgres
--

CREATE INDEX auth_group_name_a6ea08ec_like ON public.auth_group USING btree (name varchar_pattern_ops);


--
-- Name: auth_group_permissions_group_id_b120cbf9; Type: INDEX; Schema: public; Owner: postgres
--

CREATE INDEX auth_group_permissions_group_id_b120cbf9 ON public.auth_group_permissions USING btree (group_id);


--
-- Name: auth_group_permissions_permission_id_84c5c92e; Type: INDEX; Schema: public; Owner: postgres
--

CREATE INDEX auth_group_permissions_permission_id_84c5c92e ON public.auth_group_permissions USING btree (permission_id);


--
-- Name: auth_permission_content_type_id_2f476e4b; Type: INDEX; Schema: public; Owner: postgres
--

CREATE INDEX auth_permission_content_type_id_2f476e4b ON public.auth_permission USING btree (content_type_id);


--
-- Name: auth_user_groups_group_id_97559544; Type: INDEX; Schema: public; Owner: postgres
--

CREATE INDEX auth_user_groups_group_id_97559544 ON public.auth_user_groups USING btree (group_id);


--
-- Name: auth_user_groups_user_id_6a12ed8b; Type: INDEX; Schema: public; Owner: postgres
--

CREATE INDEX auth_user_groups_user_id_6a12ed8b ON public.auth_user_groups USING btree (user_id);


--
-- Name: auth_user_user_permissions_permission_id_1fbb5f2c; Type: INDEX; Schema: public; Owner: postgres
--

CREATE INDEX auth_user_user_permissions_permission_id_1fbb5f2c ON public.auth_user_user_permissions USING btree (permission_id);


--
-- Name: auth_user_user_permissions_user_id_a95ead1b; Type: INDEX; Schema: public; Owner: postgres
--

CREATE INDEX auth_user_user_permissions_user_id_a95ead1b ON public.auth_user_user_permissions USING btree (user_id);


--
-- Name: auth_user_username_6821ab7c_like; Type: INDEX; Schema: public; Owner: postgres
--

CREATE INDEX auth_user_username_6821ab7c_like ON public.auth_user USING btree (username varchar_pattern_ops);


--
-- Name: base_character_movie_id_d7061697; Type: INDEX; Schema: public; Owner: postgres
--

CREATE INDEX base_character_movie_id_d7061697 ON public.base_character USING btree (movie_id);


--
-- Name: base_character_person_id_32f19c50; Type: INDEX; Schema: public; Owner: postgres
--

CREATE INDEX base_character_person_id_32f19c50 ON public.base_character USING btree (person_id);


--
-- Name: base_review_content_type_id_1deb456a; Type: INDEX; Schema: public; Owner: postgres
--

CREATE INDEX base_review_content_type_id_1deb456a ON public.base_review USING btree (content_type_id);


--
-- Name: cast_choice_question_id_e76a2a04; Type: INDEX; Schema: public; Owner: postgres
--

CREATE INDEX cast_choice_question_id_e76a2a04 ON public.cast_choice USING btree (question_id);


--
-- Name: django_admin_log_content_type_id_c4bce8eb; Type: INDEX; Schema: public; Owner: postgres
--

CREATE INDEX django_admin_log_content_type_id_c4bce8eb ON public.django_admin_log USING btree (content_type_id);


--
-- Name: django_admin_log_user_id_c564eba6; Type: INDEX; Schema: public; Owner: postgres
--

CREATE INDEX django_admin_log_user_id_c564eba6 ON public.django_admin_log USING btree (user_id);


--
-- Name: django_session_expire_date_a5c62663; Type: INDEX; Schema: public; Owner: postgres
--

CREATE INDEX django_session_expire_date_a5c62663 ON public.django_session USING btree (expire_date);


--
-- Name: django_session_session_key_c0390e0f_like; Type: INDEX; Schema: public; Owner: postgres
--

CREATE INDEX django_session_session_key_c0390e0f_like ON public.django_session USING btree (session_key varchar_pattern_ops);


--
-- Name: auth_group_permissions auth_group_permissio_permission_id_84c5c92e_fk_auth_perm; Type: FK CONSTRAINT; Schema: public; Owner: postgres
--

ALTER TABLE ONLY public.auth_group_permissions
    ADD CONSTRAINT auth_group_permissio_permission_id_84c5c92e_fk_auth_perm FOREIGN KEY (permission_id) REFERENCES public.auth_permission(id) DEFERRABLE INITIALLY DEFERRED;


--
-- Name: auth_group_permissions auth_group_permissions_group_id_b120cbf9_fk_auth_group_id; Type: FK CONSTRAINT; Schema: public; Owner: postgres
--

ALTER TABLE ONLY public.auth_group_permissions
    ADD CONSTRAINT auth_group_permissions_group_id_b120cbf9_fk_auth_group_id FOREIGN KEY (group_id) REFERENCES public.auth_group(id) DEFERRABLE INITIALLY DEFERRED;


--
-- Name: auth_permission auth_permission_content_type_id_2f476e4b_fk_django_co; Type: FK CONSTRAINT; Schema: public; Owner: postgres
--

ALTER TABLE ONLY public.auth_permission
    ADD CONSTRAINT auth_permission_content_type_id_2f476e4b_fk_django_co FOREIGN KEY (content_type_id) REFERENCES public.django_content_type(id) DEFERRABLE INITIALLY DEFERRED;


--
-- Name: auth_user_groups auth_user_groups_group_id_97559544_fk_auth_group_id; Type: FK CONSTRAINT; Schema: public; Owner: postgres
--

ALTER TABLE ONLY public.auth_user_groups
    ADD CONSTRAINT auth_user_groups_group_id_97559544_fk_auth_group_id FOREIGN KEY (group_id) REFERENCES public.auth_group(id) DEFERRABLE INITIALLY DEFERRED;


--
-- Name: auth_user_groups auth_user_groups_user_id_6a12ed8b_fk_auth_user_id; Type: FK CONSTRAINT; Schema: public; Owner: postgres
--

ALTER TABLE ONLY public.auth_user_groups
    ADD CONSTRAINT auth_user_groups_user_id_6a12ed8b_fk_auth_user_id FOREIGN KEY (user_id) REFERENCES public.auth_user(id) DEFERRABLE INITIALLY DEFERRED;


--
-- Name: auth_user_user_permissions auth_user_user_permi_permission_id_1fbb5f2c_fk_auth_perm; Type: FK CONSTRAINT; Schema: public; Owner: postgres
--

ALTER TABLE ONLY public.auth_user_user_permissions
    ADD CONSTRAINT auth_user_user_permi_permission_id_1fbb5f2c_fk_auth_perm FOREIGN KEY (permission_id) REFERENCES public.auth_permission(id) DEFERRABLE INITIALLY DEFERRED;


--
-- Name: auth_user_user_permissions auth_user_user_permissions_user_id_a95ead1b_fk_auth_user_id; Type: FK CONSTRAINT; Schema: public; Owner: postgres
--

ALTER TABLE ONLY public.auth_user_user_permissions
    ADD CONSTRAINT auth_user_user_permissions_user_id_a95ead1b_fk_auth_user_id FOREIGN KEY (user_id) REFERENCES public.auth_user(id) DEFERRABLE INITIALLY DEFERRED;


--
-- Name: base_character base_character_movie_id_d7061697_fk_base_movie_id; Type: FK CONSTRAINT; Schema: public; Owner: postgres
--

ALTER TABLE ONLY public.base_character
    ADD CONSTRAINT base_character_movie_id_d7061697_fk_base_movie_id FOREIGN KEY (movie_id) REFERENCES public.base_movie(id) DEFERRABLE INITIALLY DEFERRED;


--
-- Name: base_character base_character_person_id_32f19c50_fk_base_person_id; Type: FK CONSTRAINT; Schema: public; Owner: postgres
--

ALTER TABLE ONLY public.base_character
    ADD CONSTRAINT base_character_person_id_32f19c50_fk_base_person_id FOREIGN KEY (person_id) REFERENCES public.base_person(id) DEFERRABLE INITIALLY DEFERRED;


--
-- Name: base_review base_review_content_type_id_1deb456a_fk_django_content_type_id; Type: FK CONSTRAINT; Schema: public; Owner: postgres
--

ALTER TABLE ONLY public.base_review
    ADD CONSTRAINT base_review_content_type_id_1deb456a_fk_django_content_type_id FOREIGN KEY (content_type_id) REFERENCES public.django_content_type(id) DEFERRABLE INITIALLY DEFERRED;


--
-- Name: cast_choice cast_choice_question_id_e76a2a04_fk_cast_question_id; Type: FK CONSTRAINT; Schema: public; Owner: postgres
--

ALTER TABLE ONLY public.cast_choice
    ADD CONSTRAINT cast_choice_question_id_e76a2a04_fk_cast_question_id FOREIGN KEY (question_id) REFERENCES public.cast_question(id) DEFERRABLE INITIALLY DEFERRED;


--
-- Name: django_admin_log django_admin_log_content_type_id_c4bce8eb_fk_django_co; Type: FK CONSTRAINT; Schema: public; Owner: postgres
--

ALTER TABLE ONLY public.django_admin_log
    ADD CONSTRAINT django_admin_log_content_type_id_c4bce8eb_fk_django_co FOREIGN KEY (content_type_id) REFERENCES public.django_content_type(id) DEFERRABLE INITIALLY DEFERRED;


--
-- Name: django_admin_log django_admin_log_user_id_c564eba6_fk_auth_user_id; Type: FK CONSTRAINT; Schema: public; Owner: postgres
--

ALTER TABLE ONLY public.django_admin_log
    ADD CONSTRAINT django_admin_log_user_id_c564eba6_fk_auth_user_id FOREIGN KEY (user_id) REFERENCES public.auth_user(id) DEFERRABLE INITIALLY DEFERRED;


--
-- PostgreSQL database dump complete
--

